Group,Attribute,Year,QuestionNo.,Estimate,cv,CI Lower,CI Upper,Unweightedn,QuestionText,QuestionGroup,Region,Province,Marker
All,NA,2018,fv1fvol,0.4599795577820333,4.228992720423539,0.42185335442532484,0.4981057611387418,1099,Formal volunteer flag,Volunteer rate,10,NL,NA
All,NA,2018,fv1fvol,0.4787389102966198,4.851879187915581,0.43321319309358314,0.5242646274996565,740,Formal volunteer flag,Volunteer rate,11,PE,NA
All,NA,2018,fv1fvol,0.44597014700467724,4.399961086087313,0.407510728387912,0.48442956562144246,1103,Formal volunteer flag,Volunteer rate,12,NS,NA
All,NA,2018,fv1fvol,0.42015636312594845,4.247744021028375,0.3851765589843099,0.455136167267587,1106,Formal volunteer flag,Volunteer rate,13,NB,NA
All,NA,2018,fv1fvol,0.3247233654226409,4.133260130249338,0.2984173924725783,0.3510293383727035,2013,Formal volunteer flag,Volunteer rate,24,QC,NA
All,NA,2018,fv1fvol,0.41541580687841045,2.4140004738028265,0.39576101453572715,0.43507059922109376,4346,Formal volunteer flag,Volunteer rate,35,ON,NA
All,NA,2018,fv1fvol,0.49136886437124266,3.9827360819242257,0.45301251608005133,0.529725212662434,1150,Formal volunteer flag,Volunteer rate,46,MB,NA
All,NA,2018,fv1fvol,0.5455423908613022,3.4766594883524493,0.5083684374160382,0.5827163443065662,1003,Formal volunteer flag,Volunteer rate,47,SK,NA
All,NA,2018,fv1fvol,0.45735703370712144,3.8798646230395626,0.42257779864197065,0.49213626877227223,1412,Formal volunteer flag,Volunteer rate,48,AB,NA
All,NA,2018,fv1fvol,0.4390605693434131,3.3461191079415107,0.41026577883594456,0.4678553598508816,2177,Formal volunteer flag,Volunteer rate,59,BC,NA
All,NA,2018,fv1fvol,0.4110613800977867,1.4585171886514285,0.3993106102910245,0.4228121499045489,-,Formal volunteer flag,Volunteer rate,CA,NA,NA
All,NA,2018,fv1fvol,0.43670395352324065,1.5247420458994294,0.4236533200969701,0.4497545869495112,-,Formal volunteer flag,Volunteer rate,CA (without QC),NA,NA
All,NA,2018,fv1fvol,0.45735703370712144,3.8798646230395626,0.42257779864197065,0.49213626877227223,1412,Formal volunteer flag,Volunteer rate,AB,NA,NA
All,NA,2018,fv1fvol,0.44295714974666583,2.3896925860608933,0.4222103152144557,0.463703984278876,4048,Formal volunteer flag,Volunteer rate,AT,NA,NA
All,NA,2018,fv1fvol,0.4390605693434131,3.3461191079415107,0.41026577883594456,0.4678553598508816,2177,Formal volunteer flag,Volunteer rate,BC,NA,NA
All,NA,2018,fv1fvol,0.41541580687841045,2.4140004738028265,0.39576101453572715,0.43507059922109376,4346,Formal volunteer flag,Volunteer rate,ON,NA,NA
All,NA,2018,fv1fvol,0.5163983729694825,2.609119003199436,0.4899908999824477,0.5428058459565174,2153,Formal volunteer flag,Volunteer rate,PR,NA,NA
All,NA,2018,fv1fvol,0.3247233654226409,4.133260130249338,0.2984173924725783,0.3510293383727035,2013,Formal volunteer flag,Volunteer rate,QC,NA,NA
Age group,15 to 24 years,2018,fv1fvol,0.52321431595709,4.584671687229565,0.47619936901350335,0.5702292629006767,845,Formal volunteer flag,Volunteer rate,CA,NA,NA
Age group,25 to 34 years,2018,fv1fvol,0.36769279894791906,3.9710453841000226,0.33907487889481125,0.3963107190010269,1846,Formal volunteer flag,Volunteer rate,CA,NA,NA
Age group,35 to 44 years,2018,fv1fvol,0.4579079135301491,3.1895790114766474,0.42928198353237346,0.4865338435279247,2523,Formal volunteer flag,Volunteer rate,CA,NA,NA
Age group,45 to 54 years,2018,fv1fvol,0.4157937156105773,3.332420385726044,0.38863646533910745,0.4429509658820472,2609,Formal volunteer flag,Volunteer rate,CA,NA,NA
Age group,55 to 64 years,2018,fv1fvol,0.3746001408535901,3.0970889805497657,0.3518612273144795,0.39733905439270073,3481,Formal volunteer flag,Volunteer rate,CA,NA,NA
Age group,65 to 74 years,2018,fv1fvol,0.39215125445276744,3.025373124128412,0.3688981659716095,0.41540434293392536,3019,Formal volunteer flag,Volunteer rate,CA,NA,NA
Age group,75 years and over,2018,fv1fvol,0.3049184847921243,4.50989781218789,0.27796601639294755,0.33187095319130105,1826,Formal volunteer flag,Volunteer rate,CA,NA,NA
Gender,Male gender,2018,fv1fvol,0.38172054493976415,2.338495108703753,0.36422489453857937,0.39921619534094893,7242,Formal volunteer flag,Volunteer rate,CA,NA,NA
Gender,Female gender,2018,fv1fvol,0.43959830663692495,1.9547074775471567,0.4227566086095999,0.45644000466425,8907,Formal volunteer flag,Volunteer rate,CA,NA,NA
Education,Less than High School,2018,fv1fvol,0.3509131508220721,4.689921066835343,0.3186569459663652,0.383169355677779,1568,Formal volunteer flag,Volunteer rate,CA,NA,NA
Education,Graduated from High school,2018,fv1fvol,0.33021207371350025,4.053809315856387,0.3039756669221811,0.3564484805048194,3502,Formal volunteer flag,Volunteer rate,CA,NA,NA
Education,Post-secondary diploma,2018,fv1fvol,0.38312822762981696,2.6580948315491355,0.3631681276390833,0.40308832762055063,5142,Formal volunteer flag,Volunteer rate,CA,NA,NA
Education,University Diploma,2018,fv1fvol,0.5165778899674887,2.183404454196793,0.4944714862537748,0.5386842936812025,4544,Formal volunteer flag,Volunteer rate,CA,NA,NA
Marital status (original),Married,2018,fv1fvol,0.4250701791590763,1.8366814055027436,0.40976837785416703,0.44037198046398557,8083,Formal volunteer flag,Volunteer rate,CA,NA,NA
Marital status (original),Living common-law,2018,fv1fvol,0.3770710273273697,4.623976185164563,0.3428977332518515,0.41124432140288786,1487,Formal volunteer flag,Volunteer rate,CA,NA,NA
Marital status (original),Widowed,2018,fv1fvol,0.2995435488192611,5.495061600122008,0.2672823406848769,0.3318047569536453,1421,Formal volunteer flag,Volunteer rate,CA,NA,NA
Marital status (original),Separated,2018,fv1fvol,0.3684054775049802,7.767932106290207,0.3123162329348057,0.4244947220751547,517,Formal volunteer flag,Volunteer rate,CA,NA,NA
Marital status (original),Divorced,2018,fv1fvol,0.40025935399494444,4.3965728212464965,0.36576850759839935,0.43475020039148954,1380,Formal volunteer flag,Volunteer rate,CA,NA,NA
Marital status (original),"Single, never married",2018,fv1fvol,0.4240621035395047,3.1975816367983176,0.3974855172747439,0.45063868980426547,3261,Formal volunteer flag,Volunteer rate,CA,NA,NA
Labour force status,Employed,2018,fv1fvol,0.40971337436581584,1.941657655156797,0.39412140792587563,0.42530534080575605,8587,Formal volunteer flag,Volunteer rate,CA,NA,NA
Labour force status,Unemployed,2018,fv1fvol,0.40533622816417925,9.95458479542959,0.326252585834538,0.4844198704938205,348,Formal volunteer flag,Volunteer rate,CA,NA,NA
Labour force status,Not in labour force,2018,fv1fvol,0.39093120286274236,2.510529591360306,0.3716952470161695,0.4101671587093152,5824,Formal volunteer flag,Volunteer rate,CA,NA,NA
Labour force status,Unable to determine,2018,fv1fvol,0.5063667003777385,4.383339233908931,0.462863790088202,0.5498696106672749,1390,Formal volunteer flag,Volunteer rate,CA,NA,NA
Personal income category,"Less than $25,000",2018,fv1fvol,0.41236235430353513,2.7921792997304973,0.38979553224018654,0.4349291763668837,4527,Formal volunteer flag,Volunteer rate,CA,NA,NA
Personal income category,"$25,000 to $49,999",2018,fv1fvol,0.35843788923042963,2.699005995582795,0.33947668781664886,0.3773990906442104,4837,Formal volunteer flag,Volunteer rate,CA,NA,NA
Personal income category,"$50,000 to $74,999",2018,fv1fvol,0.4188777451763538,2.894076107297709,0.39511780592464085,0.4426376844280667,3270,Formal volunteer flag,Volunteer rate,CA,NA,NA
Personal income category,"$75,000 to $99,999",2018,fv1fvol,0.46460458045087816,3.6265982670764965,0.4315804776274244,0.4976286832743319,1813,Formal volunteer flag,Volunteer rate,CA,NA,NA
Personal income category,"$100,000 to $124,999",2018,fv1fvol,0.5204311457939742,4.877897742095096,0.4706753058307158,0.5701869857572326,775,Formal volunteer flag,Volunteer rate,CA,NA,NA
Personal income category,"$125,000 and more",2018,fv1fvol,0.5256116896311746,4.3669226152153975,0.480624527040304,0.5705988522220451,927,Formal volunteer flag,Volunteer rate,CA,NA,NA
Frequency of religious attendance,At least once a week,2018,fv1fvol,0.6106820990286149,2.681170029064308,0.5785907749175105,0.6427734231397193,2383,Formal volunteer flag,Volunteer rate,CA,NA,NA
Frequency of religious attendance,At least once a month,2018,fv1fvol,0.5083329622760914,4.605746842147452,0.4624452479481584,0.5542206766040244,1208,Formal volunteer flag,Volunteer rate,CA,NA,NA
Frequency of religious attendance,At least 3 times a year,2018,fv1fvol,0.42445441626641767,5.114808448672061,0.3819035386889914,0.4670052938438439,1297,Formal volunteer flag,Volunteer rate,CA,NA,NA
Frequency of religious attendance,Once or twice a year,2018,fv1fvol,0.4124959276872082,3.897281909225897,0.38098729351094196,0.4440045618634745,2164,Formal volunteer flag,Volunteer rate,CA,NA,NA
Frequency of religious attendance,Not at all,2018,fv1fvol,0.3309338476819094,2.443741797367415,0.31508328818043135,0.3467844071833875,7820,Formal volunteer flag,Volunteer rate,CA,NA,NA
Immigration status,Native-born,2018,fv1fvol,0.42296146209700103,1.630393773974139,0.40944567326245085,0.4364772509315512,12093,Formal volunteer flag,Volunteer rate,CA,NA,NA
Immigration status,Naturalized,2018,fv1fvol,0.3434586240411757,3.789621491778755,0.31794816041976226,0.3689690876625892,2492,Formal volunteer flag,Volunteer rate,CA,NA,NA
Immigration status,Non-Canadian,2018,fv1fvol,0.3954311741685792,10.478081313188579,0.3142228104832623,0.4766395378538961,319,Formal volunteer flag,Volunteer rate,CA,NA,NA
Immigration status,Unknown,2018,fv1fvol,0.5206352595369496,4.485650635475298,0.4748624981348989,0.5664080209390002,1245,Formal volunteer flag,Volunteer rate,CA,NA,NA
Age group,15 to 24 years,2018,fv1fvol,0.5281678426955378,4.723031867111764,0.4792754914966732,0.5770601938944024,757,Formal volunteer flag,Volunteer rate,CA (without QC),NA,NA
Age group,25 to 34 years,2018,fv1fvol,0.3858999182367859,4.232573221206658,0.35388685315927926,0.4179129833142925,1624,Formal volunteer flag,Volunteer rate,CA (without QC),NA,NA
Age group,35 to 44 years,2018,fv1fvol,0.48355615269227514,3.289389440920845,0.4523808773017405,0.5147314280828098,2171,Formal volunteer flag,Volunteer rate,CA (without QC),NA,NA
Age group,45 to 54 years,2018,fv1fvol,0.4457637312705036,3.4643548964736177,0.41549632565549705,0.4760311368855102,2315,Formal volunteer flag,Volunteer rate,CA (without QC),NA,NA
Age group,55 to 64 years,2018,fv1fvol,0.4118846986140598,3.2235682897641698,0.38586150311674017,0.4379078941113794,3038,Formal volunteer flag,Volunteer rate,CA (without QC),NA,NA
Age group,65 to 74 years,2018,fv1fvol,0.42479080064884517,3.1130903714848923,0.39887199875431645,0.4507096025433739,2647,Formal volunteer flag,Volunteer rate,CA (without QC),NA,NA
Age group,75 years and over,2018,fv1fvol,0.333115086812349,4.849034726362269,0.3014560507382221,0.3647741228864759,1584,Formal volunteer flag,Volunteer rate,CA (without QC),NA,NA
Gender,Male gender,2018,fv1fvol,0.4067346343727183,2.545622898521829,0.3864413044961996,0.42702796424923695,6309,Formal volunteer flag,Volunteer rate,CA (without QC),NA,NA
Gender,Female gender,2018,fv1fvol,0.4656714340269999,1.8906716322706039,0.4484152884211885,0.4829275796328113,7827,Formal volunteer flag,Volunteer rate,CA (without QC),NA,NA
Education,Less than High School,2018,fv1fvol,0.39713457557693865,4.9400939350536355,0.35868239283693193,0.4355867583169454,1318,Formal volunteer flag,Volunteer rate,CA (without QC),NA,NA
Education,Graduated from High school,2018,fv1fvol,0.3461717697463265,4.07859730234816,0.3184991314206589,0.37384440807199415,3108,Formal volunteer flag,Volunteer rate,CA (without QC),NA,NA
Education,Post-secondary diploma,2018,fv1fvol,0.41006902369126125,2.715055282436651,0.3882475673218536,0.4318904800606689,4465,Formal volunteer flag,Volunteer rate,CA (without QC),NA,NA
Education,University Diploma,2018,fv1fvol,0.5324840425941209,2.3373443383656256,0.5080903590223603,0.5568777261658814,3992,Formal volunteer flag,Volunteer rate,CA (without QC),NA,NA
Marital status (original),Married,2018,fv1fvol,0.4552381353934135,1.8449647878476694,0.43877643062088906,0.47169984016593797,7370,Formal volunteer flag,Volunteer rate,CA (without QC),NA,NA
Marital status (original),Living common-law,2018,fv1fvol,0.39946827053353956,5.502756247621175,0.3563848023973889,0.4425517386696902,1044,Formal volunteer flag,Volunteer rate,CA (without QC),NA,NA
Marital status (original),Widowed,2018,fv1fvol,0.3366207786971737,5.681428734802824,0.2991367229776427,0.3741048344167047,1257,Formal volunteer flag,Volunteer rate,CA (without QC),NA,NA
Marital status (original),Separated,2018,fv1fvol,0.40261606526545585,8.021695861678639,0.33931582140179417,0.4659163091291175,457,Formal volunteer flag,Volunteer rate,CA (without QC),NA,NA
Marital status (original),Divorced,2018,fv1fvol,0.4064558257421744,4.956607826715217,0.36696956563388466,0.4459420858504642,1186,Formal volunteer flag,Volunteer rate,CA (without QC),NA,NA
Marital status (original),"Single, never married",2018,fv1fvol,0.4363904608552229,3.481084402643312,0.4066164122461957,0.46616450946425003,2822,Formal volunteer flag,Volunteer rate,CA (without QC),NA,NA
Labour force status,Employed,2018,fv1fvol,0.4314967722870026,2.039906386531411,0.41424491407727426,0.44874863049673097,7544,Formal volunteer flag,Volunteer rate,CA (without QC),NA,NA
Labour force status,Unemployed,2018,fv1fvol,0.4192562976619727,10.86936518428729,0.32993976272445535,0.50857283259949,296,Formal volunteer flag,Volunteer rate,CA (without QC),NA,NA
Labour force status,Not in labour force,2018,fv1fvol,0.4204320082519948,2.6461450973997764,0.3986269366231167,0.44223707988087285,5062,Formal volunteer flag,Volunteer rate,CA (without QC),NA,NA
Labour force status,Unable to determine,2018,fv1fvol,0.548742204754933,4.355945978266605,0.5018933541911896,0.5955910553186763,1234,Formal volunteer flag,Volunteer rate,CA (without QC),NA,NA
Personal income category,"Less than $25,000",2018,fv1fvol,0.4328674501682763,2.9923636606617503,0.40748009885115605,0.4582548014853966,3961,Formal volunteer flag,Volunteer rate,CA (without QC),NA,NA
Personal income category,"$25,000 to $49,999",2018,fv1fvol,0.3880877295621545,2.8705983978143585,0.3662528681022567,0.40992259102205225,4156,Formal volunteer flag,Volunteer rate,CA (without QC),NA,NA
Personal income category,"$50,000 to $74,999",2018,fv1fvol,0.4431529074295701,3.1950995431103593,0.4154014313985225,0.4709043834606177,2841,Formal volunteer flag,Volunteer rate,CA (without QC),NA,NA
Personal income category,"$75,000 to $99,999",2018,fv1fvol,0.4823286237822284,3.6057114887822546,0.4482421480819816,0.5164150994824752,1632,Formal volunteer flag,Volunteer rate,CA (without QC),NA,NA
Personal income category,"$100,000 to $124,999",2018,fv1fvol,0.5547837212466842,4.679286925819777,0.5039032088208699,0.6056642336724984,698,Formal volunteer flag,Volunteer rate,CA (without QC),NA,NA
Personal income category,"$125,000 and more",2018,fv1fvol,0.5476429443465679,4.18711881943483,0.5027000670570173,0.5925858216361185,848,Formal volunteer flag,Volunteer rate,CA (without QC),NA,NA
Frequency of religious attendance,At least once a week,2018,fv1fvol,0.6382690073431834,2.6489830292795684,0.605130646415614,0.6714073682707528,2220,Formal volunteer flag,Volunteer rate,CA (without QC),NA,NA
Frequency of religious attendance,At least once a month,2018,fv1fvol,0.5195784068290394,4.847404764972588,0.47021461975409584,0.568942193903983,1106,Formal volunteer flag,Volunteer rate,CA (without QC),NA,NA
Frequency of religious attendance,At least 3 times a year,2018,fv1fvol,0.44044640840419197,5.800914348408683,0.39036948754802064,0.4905233292603633,1125,Formal volunteer flag,Volunteer rate,CA (without QC),NA,NA
Frequency of religious attendance,Once or twice a year,2018,fv1fvol,0.43517320824795724,4.310889927486886,0.3984046014092453,0.4719418150866692,1805,Formal volunteer flag,Volunteer rate,CA (without QC),NA,NA
Frequency of religious attendance,Not at all,2018,fv1fvol,0.34579944433860027,2.5680684296924343,0.3283942461032608,0.36320464257393975,6749,Formal volunteer flag,Volunteer rate,CA (without QC),NA,NA
Immigration status,Native-born,2018,fv1fvol,0.4547410304731908,1.7583445305836818,0.43906932693592793,0.4704127340104537,10472,Formal volunteer flag,Volunteer rate,CA (without QC),NA,NA
Immigration status,Naturalized,2018,fv1fvol,0.35507345762632625,3.9371338468130403,0.32767371524101335,0.38247320001163915,2280,Formal volunteer flag,Volunteer rate,CA (without QC),NA,NA
Immigration status,Non-Canadian,2018,fv1fvol,0.4137128061866036,10.81668902230097,0.3260043636057798,0.5014212487674274,274,Formal volunteer flag,Volunteer rate,CA (without QC),NA,NA
Immigration status,Unknown,2018,fv1fvol,0.5706584843458717,4.368609422184652,0.5217968951869025,0.619520073504841,1110,Formal volunteer flag,Volunteer rate,CA (without QC),NA,NA
Age group,15 to 24 years,2018,fv1fvol,0.4900126549551036,14.572195950416805,0.3500602423074648,0.6299650676027424,74,Formal volunteer flag,Volunteer rate,AB,NA,NA
Age group,25 to 34 years,2018,fv1fvol,0.3594423358607168,10.519734825375279,0.28533143174893805,0.4335532399724955,205,Formal volunteer flag,Volunteer rate,AB,NA,NA
Age group,35 to 44 years,2018,fv1fvol,0.520241953320721,7.495390986598255,0.44381478749733405,0.5966691191441079,258,Formal volunteer flag,Volunteer rate,AB,NA,NA
Age group,45 to 54 years,2018,fv1fvol,0.5035013852588666,9.06021774787392,0.41409111736240145,0.5929116531553317,241,Formal volunteer flag,Volunteer rate,AB,NA,NA
Age group,55 to 64 years,2018,fv1fvol,0.4751823416380922,7.0885554969431315,0.4091637693297097,0.5412009139464747,320,Formal volunteer flag,Volunteer rate,AB,NA,NA
Age group,65 to 74 years,2018,fv1fvol,0.4458401503436629,9.229621820290017,0.36518888714930686,0.526491413538019,197,Formal volunteer flag,Volunteer rate,AB,NA,NA
Age group,75 years and over,2018,fv1fvol,0.35404906182498685,16.262866427431568,0.24119722455822667,0.46690089909174703,117,Formal volunteer flag,Volunteer rate,AB,NA,NA
Age group,15 to 24 years,2018,fv1fvol,0.4977592816417241,9.621512875422253,0.4038927386845079,0.5916258245989403,194,Formal volunteer flag,Volunteer rate,AT,NA,NA
Age group,25 to 34 years,2018,fv1fvol,0.3884772003241929,8.691609193513333,0.3222991730694806,0.45465522757890525,363,Formal volunteer flag,Volunteer rate,AT,NA,NA
Age group,35 to 44 years,2018,fv1fvol,0.5282320926191852,5.061633246071541,0.4758281999864974,0.5806359852518731,594,Formal volunteer flag,Volunteer rate,AT,NA,NA
Age group,45 to 54 years,2018,fv1fvol,0.4610947478504549,5.008182560738014,0.4158343447056284,0.5063551509952814,678,Formal volunteer flag,Volunteer rate,AT,NA,NA
Age group,55 to 64 years,2018,fv1fvol,0.3907976113089098,4.977008661771631,0.35267625111963247,0.4289189714981871,936,Formal volunteer flag,Volunteer rate,AT,NA,NA
Age group,65 to 74 years,2018,fv1fvol,0.4719105377251673,4.491253216622685,0.4303696945398161,0.5134513809105185,835,Formal volunteer flag,Volunteer rate,AT,NA,NA
Age group,75 years and over,2018,fv1fvol,0.33816049807020476,7.836160872918225,0.2862238031873099,0.39009719295309964,448,Formal volunteer flag,Volunteer rate,AT,NA,NA
Age group,15 to 24 years,2018,fv1fvol,0.4667204130747077,11.02131136157887,0.3659023942340035,0.5675384319154119,125,Formal volunteer flag,Volunteer rate,BC,NA,NA
Age group,25 to 34 years,2018,fv1fvol,0.3338079576921748,10.827028641173067,0.2629719523000555,0.4046439630842941,245,Formal volunteer flag,Volunteer rate,BC,NA,NA
Age group,35 to 44 years,2018,fv1fvol,0.48251768659926414,7.282690682056899,0.41364402181383986,0.5513913513846884,326,Formal volunteer flag,Volunteer rate,BC,NA,NA
Age group,45 to 54 years,2018,fv1fvol,0.49140277451581077,7.992056771025123,0.41442873907892136,0.5683768099527002,350,Formal volunteer flag,Volunteer rate,BC,NA,NA
Age group,55 to 64 years,2018,fv1fvol,0.47121926400128905,6.430161510644719,0.41183204217615244,0.5306064858264257,437,Formal volunteer flag,Volunteer rate,BC,NA,NA
Age group,65 to 74 years,2018,fv1fvol,0.44157589059618335,7.141275333444429,0.3797700920120829,0.5033816891802838,431,Formal volunteer flag,Volunteer rate,BC,NA,NA
Age group,75 years and over,2018,fv1fvol,0.3538366934702579,10.10355962905608,0.283767782450674,0.4239056044898418,263,Formal volunteer flag,Volunteer rate,BC,NA,NA
Age group,15 to 24 years,2018,fv1fvol,0.5451546400609232,7.097408601602923,0.4693200030269665,0.6209892770948798,226,Formal volunteer flag,Volunteer rate,ON,NA,NA
Age group,25 to 34 years,2018,fv1fvol,0.3836299184421909,7.186441568057002,0.32959500510884054,0.4376648317755413,509,Formal volunteer flag,Volunteer rate,ON,NA,NA
Age group,35 to 44 years,2018,fv1fvol,0.4429603503834798,5.424407972922316,0.39586638169845856,0.49005431906850105,677,Formal volunteer flag,Volunteer rate,ON,NA,NA
Age group,45 to 54 years,2018,fv1fvol,0.4155394311791452,5.10656052185794,0.37394944123013274,0.4571294211281577,727,Formal volunteer flag,Volunteer rate,ON,NA,NA
Age group,55 to 64 years,2018,fv1fvol,0.36278722293463894,5.583869057824925,0.32308312808521367,0.4024913177840642,917,Formal volunteer flag,Volunteer rate,ON,NA,NA
Age group,65 to 74 years,2018,fv1fvol,0.398772397007857,5.20639048326485,0.35808031441786337,0.4394644795978506,795,Formal volunteer flag,Volunteer rate,ON,NA,NA
Age group,75 years and over,2018,fv1fvol,0.31966369830543995,7.044277518648087,0.2755292331528783,0.3637981634580016,495,Formal volunteer flag,Volunteer rate,ON,NA,NA
Age group,15 to 24 years,2018,fv1fvol,0.6312261671747249,7.411572501356933,0.5395316334599858,0.722920700889464,138,Formal volunteer flag,Volunteer rate,PR,NA,NA
Age group,25 to 34 years,2018,fv1fvol,0.5412556175612883,6.225960149940595,0.4752080474681751,0.6073031876544015,302,Formal volunteer flag,Volunteer rate,PR,NA,NA
Age group,35 to 44 years,2018,fv1fvol,0.6014954458245426,6.036622501540852,0.5303291350665927,0.6726617565824925,316,Formal volunteer flag,Volunteer rate,PR,NA,NA
Age group,45 to 54 years,2018,fv1fvol,0.41841672855889117,8.254746739888722,0.3507210596362177,0.48611239748156465,319,Formal volunteer flag,Volunteer rate,PR,NA,NA
Age group,55 to 64 years,2018,fv1fvol,0.5051221981779089,5.899568173109387,0.4467152156991713,0.5635291806566466,428,Formal volunteer flag,Volunteer rate,PR,NA,NA
Age group,65 to 74 years,2018,fv1fvol,0.4544379375243755,6.7739048462973965,0.39410398698742694,0.514771888061324,389,Formal volunteer flag,Volunteer rate,PR,NA,NA
Age group,75 years and over,2018,fv1fvol,0.3363745047505094,10.414790515397687,0.2677116744360486,0.4050373350649702,261,Formal volunteer flag,Volunteer rate,PR,NA,NA
Age group,15 to 24 years,2018,fv1fvol,0.5040283577624358,13.41065143519378,0.3715475592325891,0.6365091562922826,88,Formal volunteer flag,Volunteer rate,QC,NA,NA
Age group,25 to 34 years,2018,fv1fvol,0.30098668266712697,11.185906902669359,0.23499843861822567,0.36697492671602827,222,Formal volunteer flag,Volunteer rate,QC,NA,NA
Age group,35 to 44 years,2018,fv1fvol,0.37377036378082784,8.036505166597465,0.3148968194068459,0.4326439081548098,352,Formal volunteer flag,Volunteer rate,QC,NA,NA
Age group,45 to 54 years,2018,fv1fvol,0.3117880327635373,9.1441267339721,0.2559088855746254,0.3676671799524492,294,Formal volunteer flag,Volunteer rate,QC,NA,NA
Age group,55 to 64 years,2018,fv1fvol,0.2557563028488876,8.72515846207212,0.2120194268464228,0.2994931788513524,443,Formal volunteer flag,Volunteer rate,QC,NA,NA
Age group,65 to 74 years,2018,fv1fvol,0.2935244892185719,9.259872495043494,0.2402526809695369,0.3467962974676069,372,Formal volunteer flag,Volunteer rate,QC,NA,NA
Age group,75 years and over,2018,fv1fvol,0.22169683693065498,13.089402846554183,0.16482104957131236,0.2785726242899976,242,Formal volunteer flag,Volunteer rate,QC,NA,NA
Gender,Male gender,2018,fv1fvol,0.400621486633928,6.120380457695737,0.3525640337296742,0.4486789395381818,673,Formal volunteer flag,Volunteer rate,AB,NA,NA
Gender,Female gender,2018,fv1fvol,0.5151399927151954,4.988835823233155,0.4647699208411964,0.5655100645891944,739,Formal volunteer flag,Volunteer rate,AB,NA,NA
Gender,Male gender,2018,fv1fvol,0.4179678026249541,3.6970086695035755,0.3876818395852531,0.4482537656646551,1770,Formal volunteer flag,Volunteer rate,AT,NA,NA
Gender,Female gender,2018,fv1fvol,0.46683546047451563,3.3341716399882984,0.43632843382263203,0.4973424871263992,2278,Formal volunteer flag,Volunteer rate,AT,NA,NA
Gender,Male gender,2018,fv1fvol,0.3958576659347772,5.408692014262726,0.3538934219998648,0.43782190986968966,941,Formal volunteer flag,Volunteer rate,BC,NA,NA
Gender,Female gender,2018,fv1fvol,0.4808508770277601,4.050293623742559,0.4426788685328104,0.5190228855227098,1236,Formal volunteer flag,Volunteer rate,BC,NA,NA
Gender,Male gender,2018,fv1fvol,0.3986686163910481,4.0809713100319005,0.3667808807066825,0.4305563520754137,1945,Formal volunteer flag,Volunteer rate,ON,NA,NA
Gender,Female gender,2018,fv1fvol,0.43129945175396267,3.0232179776569827,0.40574324114055393,0.4568556623673714,2401,Formal volunteer flag,Volunteer rate,ON,NA,NA
Gender,Male gender,2018,fv1fvol,0.4752975257974732,4.536449975954788,0.43303749873994046,0.5175575528550059,980,Formal volunteer flag,Volunteer rate,PR,NA,NA
Gender,Female gender,2018,fv1fvol,0.5573894513712258,3.2405225066831864,0.5219879338761083,0.5927909688663432,1173,Formal volunteer flag,Volunteer rate,PR,NA,NA
Gender,Male gender,2018,fv1fvol,0.2986459365295557,6.368706007678158,0.26136765340451207,0.3359242196545993,933,Formal volunteer flag,Volunteer rate,QC,NA,NA
Gender,Female gender,2018,fv1fvol,0.35062289571195626,5.584297293194892,0.31224714413420873,0.3889986472897038,1080,Formal volunteer flag,Volunteer rate,QC,NA,NA
Education,Less than High School,2018,fv1fvol,0.3920503434991948,13.414994186072771,0.2889689173370815,0.4951317696613081,109,Formal volunteer flag,Volunteer rate,AB,NA,NA
Education,Graduated from High school,2018,fv1fvol,0.3123324315822212,11.806177721180127,0.24005969660626814,0.3846051665581742,303,Formal volunteer flag,Volunteer rate,AB,NA,NA
Education,Post-secondary diploma,2018,fv1fvol,0.48396104926400096,6.3788124355718665,0.42345506461229654,0.5444670339157054,488,Formal volunteer flag,Volunteer rate,AB,NA,NA
Education,University Diploma,2018,fv1fvol,0.5527628673952372,6.367684974129821,0.4837756668971257,0.6217500678933486,395,Formal volunteer flag,Volunteer rate,AB,NA,NA
Education,Less than High School,2018,fv1fvol,0.3142971417124144,10.471599449943923,0.2497909290360072,0.3788033543888216,419,Formal volunteer flag,Volunteer rate,AT,NA,NA
Education,Graduated from High school,2018,fv1fvol,0.37589812771954706,6.108070378876289,0.3308971151386914,0.4208991403004027,891,Formal volunteer flag,Volunteer rate,AT,NA,NA
Education,Post-secondary diploma,2018,fv1fvol,0.4276864692134858,4.318995245564915,0.3914824882706963,0.4638904501562753,1321,Formal volunteer flag,Volunteer rate,AT,NA,NA
Education,University Diploma,2018,fv1fvol,0.6255997229740837,3.4248165521255527,0.5836062346180287,0.6675932113301387,954,Formal volunteer flag,Volunteer rate,AT,NA,NA
Education,Less than High School,2018,fv1fvol,0.3672066123868307,12.731525680638237,0.2755763279979675,0.45883689677569395,178,Formal volunteer flag,Volunteer rate,BC,NA,NA
Education,Graduated from High school,2018,fv1fvol,0.3379949141145508,8.820478485788232,0.27956296121736374,0.39642686701173785,457,Formal volunteer flag,Volunteer rate,BC,NA,NA
Education,Post-secondary diploma,2018,fv1fvol,0.4189528403507394,6.021416162300512,0.36950903658799017,0.4683966441134886,682,Formal volunteer flag,Volunteer rate,BC,NA,NA
Education,University Diploma,2018,fv1fvol,0.5516281515112517,4.8051503468127414,0.4996762445677741,0.6035800584547292,714,Formal volunteer flag,Volunteer rate,BC,NA,NA
Education,Less than High School,2018,fv1fvol,0.41268472925952937,7.1767665998510175,0.35463565311264666,0.4707338054064121,377,Formal volunteer flag,Volunteer rate,ON,NA,NA
Education,Graduated from High school,2018,fv1fvol,0.33112594112041405,6.654004046008688,0.2879417929555599,0.3743100892852682,888,Formal volunteer flag,Volunteer rate,ON,NA,NA
Education,Post-secondary diploma,2018,fv1fvol,0.36748986723959304,4.586513332322408,0.3344547296376326,0.40052500484155346,1331,Formal volunteer flag,Volunteer rate,ON,NA,NA
Education,University Diploma,2018,fv1fvol,0.4998702335322719,3.8351652587842886,0.46229605888978564,0.5374444081747581,1471,Formal volunteer flag,Volunteer rate,ON,NA,NA
Education,Less than High School,2018,fv1fvol,0.46422860879841765,9.439787027625691,0.3783386907707328,0.5501185268261025,235,Formal volunteer flag,Volunteer rate,PR,NA,NA
Education,Graduated from High school,2018,fv1fvol,0.46366430408834325,6.393290374174308,0.4055642972785661,0.5217643108981204,569,Formal volunteer flag,Volunteer rate,PR,NA,NA
Education,Post-secondary diploma,2018,fv1fvol,0.4970778938576218,4.97432376784235,0.4486153073004403,0.5455404804148033,643,Formal volunteer flag,Volunteer rate,PR,NA,NA
Education,University Diploma,2018,fv1fvol,0.6303868878041669,4.517875667927248,0.5745669257248168,0.6862068498835169,458,Formal volunteer flag,Volunteer rate,PR,NA,NA
Education,Less than High School,2018,fv1fvol,0.23277673942555255,12.963253187181905,0.17363396754633648,0.2919195113047686,250,Formal volunteer flag,Volunteer rate,QC,NA,NA
Education,Graduated from High school,2018,fv1fvol,0.27050927447326983,11.774437925902857,0.20808256625069754,0.3329359826958421,394,Formal volunteer flag,Volunteer rate,QC,NA,NA
Education,Post-secondary diploma,2018,fv1fvol,0.3057816893164709,7.115268054271702,0.2631383866742981,0.3484249919586436,677,Formal volunteer flag,Volunteer rate,QC,NA,NA
Education,University Diploma,2018,fv1fvol,0.4501612204139288,5.915283261563598,0.39797068925526535,0.5023517515725923,552,Formal volunteer flag,Volunteer rate,QC,NA,NA
Marital status (original),Married,2018,fv1fvol,0.4791245128222175,4.478215865174334,0.43707107488180597,0.5211779507626291,786,Formal volunteer flag,Volunteer rate,AB,NA,NA
Marital status (original),Living common-law,2018,fv1fvol,0.34904314661465075,16.1310919331901,0.23868841154692477,0.4593978816823767,95,Formal volunteer flag,Volunteer rate,AB,NA,NA
Marital status (original),Widowed,2018,fv1fvol,0.5241500630777698,14.116000872959372,0.3791342339664623,0.6691658921890773,81,Formal volunteer flag,Volunteer rate,AB,NA,NA
Marital status (original),Separated,2018,fv1fvol,0.6210983597481602,14.695203573906873,0.4422091769552665,0.7999875425410539,39,Formal volunteer flag,Volunteer rate,AB,NA,NA
Marital status (original),Divorced,2018,fv1fvol,0.43429780130767337,13.421354174371272,0.320054154273452,0.5485414483418947,134,Formal volunteer flag,Volunteer rate,AB,NA,NA
Marital status (original),"Single, never married",2018,fv1fvol,0.43067384975938333,10.459948490778617,0.3423808770110434,0.5189668225077233,277,Formal volunteer flag,Volunteer rate,AB,NA,NA
Marital status (original),Married,2018,fv1fvol,0.4924271418031611,2.733478395725359,0.4660452630949618,0.5188090205113604,2098,Formal volunteer flag,Volunteer rate,AT,NA,NA
Marital status (original),Living common-law,2018,fv1fvol,0.3807242687405432,8.993911462330269,0.31361117483564155,0.4478373626454449,343,Formal volunteer flag,Volunteer rate,AT,NA,NA
Marital status (original),Widowed,2018,fv1fvol,0.3115589067314636,9.427991505425334,0.2539874200088462,0.36913039345408094,410,Formal volunteer flag,Volunteer rate,AT,NA,NA
Marital status (original),Separated,2018,fv1fvol,0.34661283490331607,14.258265079320346,0.24974950029558138,0.44347616951105073,139,Formal volunteer flag,Volunteer rate,AT,NA,NA
Marital status (original),Divorced,2018,fv1fvol,0.383669334951261,9.391363399346734,0.31304834091807,0.454290328984452,310,Formal volunteer flag,Volunteer rate,AT,NA,NA
Marital status (original),"Single, never married",2018,fv1fvol,0.4217678266687566,6.7104501756062085,0.36629590706095283,0.4772397462765604,748,Formal volunteer flag,Volunteer rate,AT,NA,NA
Marital status (original),Married,2018,fv1fvol,0.4776052188107591,4.341005145564681,0.436969545951346,0.5182408916701723,1094,Formal volunteer flag,Volunteer rate,BC,NA,NA
Marital status (original),Living common-law,2018,fv1fvol,0.43000342317335255,10.073394119867043,0.34510574170830216,0.5149011046384029,181,Formal volunteer flag,Volunteer rate,BC,NA,NA
Marital status (original),Widowed,2018,fv1fvol,0.31318654258458273,13.45610497558881,0.23058834889205132,0.39578473627711414,189,Formal volunteer flag,Volunteer rate,BC,NA,NA
Marital status (original),Separated,2018,fv1fvol,0.35154690883443374,23.982891059392056,0.1863001654878089,0.5167936521810585,55,Formal volunteer flag,Volunteer rate,BC,NA,*
Marital status (original),Divorced,2018,fv1fvol,0.41123300430954246,10.439082984951519,0.32709379943607725,0.4953722091830077,210,Formal volunteer flag,Volunteer rate,BC,NA,NA
Marital status (original),"Single, never married",2018,fv1fvol,0.40280057104015077,8.28277247550831,0.33741018516048,0.46819095691982154,448,Formal volunteer flag,Volunteer rate,BC,NA,NA
Marital status (original),Married,2018,fv1fvol,0.4214749040556072,3.0240969051645226,0.39649357642380195,0.4464562316874125,2304,Formal volunteer flag,Volunteer rate,ON,NA,NA
Marital status (original),Living common-law,2018,fv1fvol,0.3932727253123097,9.957712775059175,0.31651863763047433,0.4700268129941451,282,Formal volunteer flag,Volunteer rate,ON,NA,NA
Marital status (original),Widowed,2018,fv1fvol,0.30953410646700463,8.485464500511055,0.2580548552540941,0.36101335767991516,362,Formal volunteer flag,Volunteer rate,ON,NA,NA
Marital status (original),Separated,2018,fv1fvol,0.39587640462474943,11.628216875521739,0.3056526634356145,0.4861001458138844,158,Formal volunteer flag,Volunteer rate,ON,NA,NA
Marital status (original),Divorced,2018,fv1fvol,0.39350316317244743,8.173879335556006,0.3304619530617118,0.4565443732831831,352,Formal volunteer flag,Volunteer rate,ON,NA,NA
Marital status (original),"Single, never married",2018,fv1fvol,0.4305572179667354,5.511336764379352,0.38404833443292874,0.4770661015005421,888,Formal volunteer flag,Volunteer rate,ON,NA,NA
Marital status (original),Married,2018,fv1fvol,0.5288907073240645,3.3880259023461456,0.49377020253132786,0.5640112121168012,1088,Formal volunteer flag,Volunteer rate,PR,NA,NA
Marital status (original),Living common-law,2018,fv1fvol,0.46853699321624426,10.133269045714021,0.37548159952381127,0.5615923869086772,143,Formal volunteer flag,Volunteer rate,PR,NA,NA
Marital status (original),Widowed,2018,fv1fvol,0.3530848077576281,10.005437203171518,0.2838438298205343,0.42232578569472196,215,Formal volunteer flag,Volunteer rate,PR,NA,NA
Marital status (original),Separated,2018,fv1fvol,0.3795613345203686,23.92689064271932,0.20156284349635367,0.5575598255443835,66,Formal volunteer flag,Volunteer rate,PR,NA,*
Marital status (original),Divorced,2018,fv1fvol,0.43984927810195285,11.413637522695351,0.34145359377141815,0.5382449624324875,180,Formal volunteer flag,Volunteer rate,PR,NA,NA
Marital status (original),"Single, never married",2018,fv1fvol,0.5594166473463579,5.684101451461905,0.4970940854068957,0.62173920928582,461,Formal volunteer flag,Volunteer rate,PR,NA,NA
Marital status (original),Married,2018,fv1fvol,0.28524394911583456,6.55335777866494,0.24860623156085815,0.321881666670811,713,Formal volunteer flag,Volunteer rate,QC,NA,NA
Marital status (original),Living common-law,2018,fv1fvol,0.35160496649092493,7.480387005689196,0.3000551457878832,0.40315478719396663,443,Formal volunteer flag,Volunteer rate,QC,NA,NA
Marital status (original),Widowed,2018,fv1fvol,0.19873558459523327,16.440516802476992,0.13469737326537173,0.2627737959250948,164,Formal volunteer flag,Volunteer rate,QC,NA,NA
Marital status (original),Separated,2018,fv1fvol,0.258198885711763,24.64213714873704,0.13349475909559777,0.3829030123279283,60,Formal volunteer flag,Volunteer rate,QC,NA,*
Marital status (original),Divorced,2018,fv1fvol,0.37994458167018164,11.24729196001215,0.2961885070180722,0.46370065632229107,194,Formal volunteer flag,Volunteer rate,QC,NA,NA
Marital status (original),"Single, never married",2018,fv1fvol,0.3791232630885009,8.446866126036056,0.31635730885677177,0.44188921732023007,439,Formal volunteer flag,Volunteer rate,QC,NA,NA
Labour force status,Employed,2018,fv1fvol,0.4277629353870291,5.167563616395138,0.38443808475152674,0.47108778602253143,831,Formal volunteer flag,Volunteer rate,AB,NA,NA
Labour force status,Unemployed,2018,fv1fvol,0.49469094664622265,19.65372631475076,0.3041330469316017,0.6852488463608436,44,Formal volunteer flag,Volunteer rate,AB,NA,*
Labour force status,Not in labour force,2018,fv1fvol,0.47664670278078625,6.884430465166489,0.41233163940467876,0.5409617661568937,416,Formal volunteer flag,Volunteer rate,AB,NA,NA
Labour force status,Unable to determine,2018,fv1fvol,0.6056299981735512,9.759058302477808,0.48978870897019666,0.7214712873769058,121,Formal volunteer flag,Volunteer rate,AB,NA,NA
Labour force status,Employed,2018,fv1fvol,0.44251886433968846,3.282126812497995,0.41405228804748495,0.47098544063189196,1999,Formal volunteer flag,Volunteer rate,AT,NA,NA
Labour force status,Unemployed,2018,fv1fvol,0.4724640049943042,20.606310957157476,0.2816470033875754,0.663281006601033,65,Formal volunteer flag,Volunteer rate,AT,NA,*
Labour force status,Not in labour force,2018,fv1fvol,0.4128262895392843,4.006352996224482,0.3804098995054912,0.4452426795730774,1550,Formal volunteer flag,Volunteer rate,AT,NA,NA
Labour force status,Unable to determine,2018,fv1fvol,0.5366593086786611,6.356829744973466,0.46979608094475994,0.6035225364125623,434,Formal volunteer flag,Volunteer rate,AT,NA,NA
Labour force status,Employed,2018,fv1fvol,0.44481941153209065,4.1486878626713155,0.4086499050508787,0.48098891801330257,1196,Formal volunteer flag,Volunteer rate,BC,NA,NA
Labour force status,Unemployed,2018,fv1fvol,0.4224795348323112,23.63203861440545,0.22679569808812222,0.6181633715765003,40,Formal volunteer flag,Volunteer rate,BC,NA,*
Labour force status,Not in labour force,2018,fv1fvol,0.41931362064712135,5.894340214287276,0.370871598920052,0.4677556423741907,780,Formal volunteer flag,Volunteer rate,BC,NA,NA
Labour force status,Unable to determine,2018,fv1fvol,0.4764803723876183,12.825493770576063,0.35670509078892815,0.5962556539863084,161,Formal volunteer flag,Volunteer rate,BC,NA,NA
Labour force status,Employed,2018,fv1fvol,0.40802696481692574,3.3252575538479325,0.3814342764329443,0.4346196532009072,2358,Formal volunteer flag,Volunteer rate,ON,NA,NA
Labour force status,Unemployed,2018,fv1fvol,0.3964793115271727,16.660988675313646,0.26700923915458374,0.5259493838997616,118,Formal volunteer flag,Volunteer rate,ON,NA,*
Labour force status,Not in labour force,2018,fv1fvol,0.4049853726911226,4.134354452692703,0.37216865537141036,0.43780209001083487,1578,Formal volunteer flag,Volunteer rate,ON,NA,NA
Labour force status,Unable to determine,2018,fv1fvol,0.5557805493744935,7.02192390228414,0.4792900399394652,0.6322710588095218,292,Formal volunteer flag,Volunteer rate,ON,NA,NA
Labour force status,Employed,2018,fv1fvol,0.5424213039303385,3.262119647102631,0.5077408546293024,0.5771017532313746,1160,Formal volunteer flag,Volunteer rate,PR,NA,NA
Labour force status,Unemployed,2018,fv1fvol,0.319552260569833,33.23650843835129,0.11138837816380867,0.5277161429758573,29,Formal volunteer flag,Volunteer rate,PR,NA,*
Labour force status,Not in labour force,2018,fv1fvol,0.4454856400767159,5.7923613758970705,0.39491045864871577,0.4960608215047161,738,Formal volunteer flag,Volunteer rate,PR,NA,NA
Labour force status,Unable to determine,2018,fv1fvol,0.5765575407893706,7.905571478527741,0.4872220521162906,0.6658930294624505,226,Formal volunteer flag,Volunteer rate,PR,NA,NA
Labour force status,Employed,2018,fv1fvol,0.3341808689161259,5.697061908887579,0.2968661122561077,0.37149562557614413,1043,Formal volunteer flag,Volunteer rate,QC,NA,NA
Labour force status,Unemployed,2018,fv1fvol,0.3623841035976718,22.77979719700424,0.20058836349448197,0.5241798437008617,52,Formal volunteer flag,Volunteer rate,QC,NA,*
Labour force status,Not in labour force,2018,fv1fvol,0.2972940363540986,6.912124528276202,0.2570180817922638,0.3375699909159334,762,Formal volunteer flag,Volunteer rate,QC,NA,NA
Labour force status,Unable to determine,2018,fv1fvol,0.35367210497764173,14.002598214670057,0.2566082522210128,0.45073595773427066,156,Formal volunteer flag,Volunteer rate,QC,NA,NA
Personal income category,"Less than $25,000",2018,fv1fvol,0.4553278823926502,8.14414418261505,0.38264740181649504,0.5280083629688054,326,Formal volunteer flag,Volunteer rate,AB,NA,NA
Personal income category,"$25,000 to $49,999",2018,fv1fvol,0.41775959283593245,8.290794094997327,0.34987508845046467,0.48564409722140023,369,Formal volunteer flag,Volunteer rate,AB,NA,NA
Personal income category,"$50,000 to $74,999",2018,fv1fvol,0.4191074951351981,8.695456540684582,0.34767991986523683,0.4905350704051594,303,Formal volunteer flag,Volunteer rate,AB,NA,NA
Personal income category,"$75,000 to $99,999",2018,fv1fvol,0.504306396708262,10.410365878746422,0.4014080110723742,0.6072047823441499,159,Formal volunteer flag,Volunteer rate,AB,NA,NA
Personal income category,"$100,000 to $124,999",2018,fv1fvol,0.605057642320419,9.095007095155001,0.4972007546747718,0.7129145299660662,115,Formal volunteer flag,Volunteer rate,AB,NA,NA
Personal income category,"$125,000 and more",2018,fv1fvol,0.5294340788556765,9.449420915985925,0.43138010966933715,0.6274880480420159,140,Formal volunteer flag,Volunteer rate,AB,NA,NA
Personal income category,"Less than $25,000",2018,fv1fvol,0.4137722698477747,4.842129798942634,0.37450362629057593,0.4530409134049735,1219,Formal volunteer flag,Volunteer rate,AT,NA,NA
Personal income category,"$25,000 to $49,999",2018,fv1fvol,0.41381958593986046,4.526059692571595,0.37711000640018044,0.45052916547954047,1313,Formal volunteer flag,Volunteer rate,AT,NA,NA
Personal income category,"$50,000 to $74,999",2018,fv1fvol,0.47767254770780165,4.695525246589155,0.433712054762674,0.5216330406529294,778,Formal volunteer flag,Volunteer rate,AT,NA,NA
Personal income category,"$75,000 to $99,999",2018,fv1fvol,0.5392065599610095,5.905444176118217,0.4767963236955886,0.6016167962264305,458,Formal volunteer flag,Volunteer rate,AT,NA,NA
Personal income category,"$100,000 to $124,999",2018,fv1fvol,0.5963139488298184,9.188507795625725,0.48892290899935986,0.7037049886602769,129,Formal volunteer flag,Volunteer rate,AT,NA,NA
Personal income category,"$125,000 and more",2018,fv1fvol,0.5637024553286777,9.391399055651076,0.4599428497206327,0.6674620609367227,151,Formal volunteer flag,Volunteer rate,AT,NA,NA
Personal income category,"Less than $25,000",2018,fv1fvol,0.4204928822326724,6.450767243152118,0.36732882562321073,0.47365693884213406,616,Formal volunteer flag,Volunteer rate,BC,NA,NA
Personal income category,"$25,000 to $49,999",2018,fv1fvol,0.37674382606547857,6.924428887405554,0.3256135432994413,0.42787410883151583,607,Formal volunteer flag,Volunteer rate,BC,NA,NA
Personal income category,"$50,000 to $74,999",2018,fv1fvol,0.4806494111949776,6.992109402404536,0.414779857547103,0.5465189648428522,470,Formal volunteer flag,Volunteer rate,BC,NA,NA
Personal income category,"$75,000 to $99,999",2018,fv1fvol,0.487247770930841,8.694736040818848,0.4042140779299397,0.5702814639317423,226,Formal volunteer flag,Volunteer rate,BC,NA,NA
Personal income category,"$100,000 to $124,999",2018,fv1fvol,0.6839222061958816,9.183484176202784,0.560821008587111,0.8070234038046522,103,Formal volunteer flag,Volunteer rate,BC,NA,NA
Personal income category,"$125,000 and more",2018,fv1fvol,0.5336215380564945,9.639831467595785,0.43280056549042784,0.6344425106225611,155,Formal volunteer flag,Volunteer rate,BC,NA,NA
Personal income category,"Less than $25,000",2018,fv1fvol,0.41974319182555025,4.420889519607418,0.38337334989991534,0.45611303375118517,1205,Formal volunteer flag,Volunteer rate,ON,NA,NA
Personal income category,"$25,000 to $49,999",2018,fv1fvol,0.36464216119492054,4.7465879778412665,0.3307189850212771,0.398565337368564,1181,Formal volunteer flag,Volunteer rate,ON,NA,NA
Personal income category,"$50,000 to $74,999",2018,fv1fvol,0.4197969903824251,5.229911351240838,0.376765960615956,0.4628280201488941,870,Formal volunteer flag,Volunteer rate,ON,NA,NA
Personal income category,"$75,000 to $99,999",2018,fv1fvol,0.4408149678530418,6.050179530394553,0.3885425383630086,0.493087397343075,527,Formal volunteer flag,Volunteer rate,ON,NA,NA
Personal income category,"$100,000 to $124,999",2018,fv1fvol,0.4738555877987096,8.262024902475892,0.39712286714158984,0.5505883084558294,264,Formal volunteer flag,Volunteer rate,ON,NA,NA
Personal income category,"$125,000 and more",2018,fv1fvol,0.5755030811135818,6.23929042093625,0.5051260494520761,0.6458801127750876,299,Formal volunteer flag,Volunteer rate,ON,NA,NA
Personal income category,"Less than $25,000",2018,fv1fvol,0.5314874640313016,4.650709024237143,0.48304120077242585,0.5799337272901774,595,Formal volunteer flag,Volunteer rate,PR,NA,NA
Personal income category,"$25,000 to $49,999",2018,fv1fvol,0.4658331441998108,5.245868824384421,0.417937512766404,0.5137287756332176,686,Formal volunteer flag,Volunteer rate,PR,NA,NA
Personal income category,"$50,000 to $74,999",2018,fv1fvol,0.5035442968738613,6.080108952589923,0.44353795745070324,0.5635506362970193,420,Formal volunteer flag,Volunteer rate,PR,NA,NA
Personal income category,"$75,000 to $99,999",2018,fv1fvol,0.5867755355827096,6.980540817823246,0.5064952034698684,0.6670558676955507,262,Formal volunteer flag,Volunteer rate,PR,NA,NA
Personal income category,"$100,000 to $124,999",2018,fv1fvol,0.6478355924241809,9.868863537836924,0.5225272343278532,0.7731439505205085,87,Formal volunteer flag,Volunteer rate,PR,NA,NA
Personal income category,"$125,000 and more",2018,fv1fvol,0.4632189999450181,13.25862859654115,0.34284489777704685,0.5835931021129893,103,Formal volunteer flag,Volunteer rate,PR,NA,NA
Personal income category,"Less than $25,000",2018,fv1fvol,0.3422664596473295,7.483021451219113,0.29206811178305486,0.3924648075116041,566,Formal volunteer flag,Volunteer rate,QC,NA,NA
Personal income category,"$25,000 to $49,999",2018,fv1fvol,0.27568014822416287,7.549040125169358,0.23489093593640914,0.3164693605119166,681,Formal volunteer flag,Volunteer rate,QC,NA,NA
Personal income category,"$50,000 to $74,999",2018,fv1fvol,0.336985438052515,7.645363657169037,0.286489392013056,0.387481484091974,429,Formal volunteer flag,Volunteer rate,QC,NA,NA
Personal income category,"$75,000 to $99,999",2018,fv1fvol,0.3846416452511824,11.843346418371748,0.295356578583195,0.4739267119191698,181,Formal volunteer flag,Volunteer rate,QC,NA,NA
Personal income category,"$100,000 to $124,999",2018,fv1fvol,0.36554724762790447,16.588408907926063,0.24669802606152652,0.4843964691942824,77,Formal volunteer flag,Volunteer rate,QC,NA,*
Personal income category,"$125,000 and more",2018,fv1fvol,0.4029877379659284,18.45673504955729,0.25720879374345285,0.548766682188404,79,Formal volunteer flag,Volunteer rate,QC,NA,*
Frequency of religious attendance,At least once a week,2018,fv1fvol,0.6645957716103295,7.754131219372494,0.5635917163278826,0.7655998268927763,214,Formal volunteer flag,Volunteer rate,AB,NA,NA
Frequency of religious attendance,At least once a month,2018,fv1fvol,0.4510008948613776,15.049014108112182,0.3179758102144554,0.5840259795082998,109,Formal volunteer flag,Volunteer rate,AB,NA,NA
Frequency of religious attendance,At least 3 times a year,2018,fv1fvol,0.5356187045104505,14.3812774771095,0.3846450069932516,0.6865924020276493,93,Formal volunteer flag,Volunteer rate,AB,NA,NA
Frequency of religious attendance,Once or twice a year,2018,fv1fvol,0.45637011959762164,11.302536640084043,0.35527243336091024,0.5574678058343331,166,Formal volunteer flag,Volunteer rate,AB,NA,NA
Frequency of religious attendance,Not at all,2018,fv1fvol,0.3566822630167879,6.5619942661510295,0.31080838546636536,0.40255614056721045,706,Formal volunteer flag,Volunteer rate,AB,NA,NA
Frequency of religious attendance,At least once a week,2018,fv1fvol,0.6145072979240335,4.310146593616668,0.5625953677122243,0.6664192281358426,674,Formal volunteer flag,Volunteer rate,AT,NA,NA
Frequency of religious attendance,At least once a month,2018,fv1fvol,0.5694066110029716,6.390948989141046,0.49808256896507086,0.6407306530408724,323,Formal volunteer flag,Volunteer rate,AT,NA,NA
Frequency of religious attendance,At least 3 times a year,2018,fv1fvol,0.5312371155668337,6.156862336864353,0.46713151928380775,0.5953427118498598,357,Formal volunteer flag,Volunteer rate,AT,NA,NA
Frequency of religious attendance,Once or twice a year,2018,fv1fvol,0.5089818719664486,5.976244931526609,0.44936368096629214,0.5686000629666051,590,Formal volunteer flag,Volunteer rate,AT,NA,NA
Frequency of religious attendance,Not at all,2018,fv1fvol,0.3181953282650681,4.7804569976409,0.28838194206412315,0.348008714466013,1773,Formal volunteer flag,Volunteer rate,AT,NA,NA
Frequency of religious attendance,At least once a week,2018,fv1fvol,0.6284504236725444,7.014389302913046,0.5420513710918743,0.7148494762532146,279,Formal volunteer flag,Volunteer rate,BC,NA,NA
Frequency of religious attendance,At least once a month,2018,fv1fvol,0.5747066970089685,12.607368954771392,0.43269673487188465,0.7167166591460523,110,Formal volunteer flag,Volunteer rate,BC,NA,NA
Frequency of religious attendance,At least 3 times a year,2018,fv1fvol,0.4714584931447738,17.055457414629764,0.3138589601755041,0.6290580261140435,122,Formal volunteer flag,Volunteer rate,BC,NA,*
Frequency of religious attendance,Once or twice a year,2018,fv1fvol,0.4983559017201446,9.54960976620035,0.40507916976571723,0.591632633674572,214,Formal volunteer flag,Volunteer rate,BC,NA,NA
Frequency of religious attendance,Not at all,2018,fv1fvol,0.36225161448937887,4.668827185053905,0.3291029359783877,0.39540029300037005,1283,Formal volunteer flag,Volunteer rate,BC,NA,NA
Frequency of religious attendance,At least once a week,2018,fv1fvol,0.6208798373805915,4.070011525367614,0.5713517808444317,0.6704078939167513,701,Formal volunteer flag,Volunteer rate,ON,NA,NA
Frequency of religious attendance,At least once a month,2018,fv1fvol,0.49790412970573106,7.447132042493436,0.4252294922947282,0.5705787671167339,382,Formal volunteer flag,Volunteer rate,ON,NA,NA
Frequency of religious attendance,At least 3 times a year,2018,fv1fvol,0.38426147473633515,8.388157843374392,0.3210870159001349,0.4474359335725354,394,Formal volunteer flag,Volunteer rate,ON,NA,NA
Frequency of religious attendance,Once or twice a year,2018,fv1fvol,0.38267668100554997,7.3340206062975195,0.3276691419852943,0.43768422002580565,573,Formal volunteer flag,Volunteer rate,ON,NA,NA
Frequency of religious attendance,Not at all,2018,fv1fvol,0.3337882987143591,4.221165069105117,0.3061728862259906,0.36140371120272763,1978,Formal volunteer flag,Volunteer rate,ON,NA,NA
Frequency of religious attendance,At least once a week,2018,fv1fvol,0.7159497344653792,4.16782332987632,0.657465349825477,0.7744341191052815,352,Formal volunteer flag,Volunteer rate,PR,NA,NA
Frequency of religious attendance,At least once a month,2018,fv1fvol,0.6561756194555308,6.836460824521463,0.5682532243181502,0.7440980145929115,182,Formal volunteer flag,Volunteer rate,PR,NA,NA
Frequency of religious attendance,At least 3 times a year,2018,fv1fvol,0.5640860800210937,8.91013930610243,0.46557661333794786,0.6625955467042396,159,Formal volunteer flag,Volunteer rate,PR,NA,NA
Frequency of religious attendance,Once or twice a year,2018,fv1fvol,0.5555157470243262,6.863440384683204,0.48078723563938897,0.6302442584092633,262,Formal volunteer flag,Volunteer rate,PR,NA,NA
Frequency of religious attendance,Not at all,2018,fv1fvol,0.3861276540890198,5.2146673392071,0.3466632448458897,0.4255920633321499,1009,Formal volunteer flag,Volunteer rate,PR,NA,NA
Frequency of religious attendance,At least once a week,2018,fv1fvol,0.4175161585903915,11.786905038673657,0.3210619540486344,0.5139703631321486,163,Formal volunteer flag,Volunteer rate,QC,NA,NA
Frequency of religious attendance,At least once a month,2018,fv1fvol,0.437509917044921,14.1594895912333,0.31609177269021926,0.5589280613996227,102,Formal volunteer flag,Volunteer rate,QC,NA,NA
Frequency of religious attendance,At least 3 times a year,2018,fv1fvol,0.36837956460055393,11.844635503081182,0.2828600313491669,0.453899097851941,172,Formal volunteer flag,Volunteer rate,QC,NA,NA
Frequency of religious attendance,Once or twice a year,2018,fv1fvol,0.35764553814287825,9.150817001942672,0.29350083896474405,0.42179023732101245,359,Formal volunteer flag,Volunteer rate,QC,NA,NA
Frequency of religious attendance,Not at all,2018,fv1fvol,0.28711011878655535,6.199193538607346,0.2522256764204411,0.3219945611526696,1071,Formal volunteer flag,Volunteer rate,QC,NA,NA
Immigration status,Native-born,2018,fv1fvol,0.46748831297665955,4.327398375692098,0.42783808151424274,0.5071385444390764,1039,Formal volunteer flag,Volunteer rate,AB,NA,NA
Immigration status,Naturalized,2018,fv1fvol,0.3823907414731972,10.427291863014396,0.30424110012329575,0.4605403828230986,244,Formal volunteer flag,Volunteer rate,AB,NA,NA
Immigration status,Non-Canadian,2018,fv1fvol,0.33106172732391925,40.288693600632506,0.06964085897902123,0.5924825956688173,23,Formal volunteer flag,Volunteer rate,AB,NA,...
Immigration status,Unknown,2018,fv1fvol,0.631497605889404,9.968874897053045,0.5081115888124448,0.7548836229663631,106,Formal volunteer flag,Volunteer rate,AB,NA,NA
Immigration status,Native-born,2018,fv1fvol,0.43240477520650544,2.573107742395229,0.41059774405450594,0.45421180635850494,3527,Formal volunteer flag,Volunteer rate,AT,NA,NA
Immigration status,Naturalized,2018,fv1fvol,0.35535161362439244,16.59830079981445,0.23974837163643892,0.47095485561234596,114,Formal volunteer flag,Volunteer rate,AT,NA,*
Immigration status,Non-Canadian,2018,fv1fvol,0.47107756776906484,28.59325310850318,0.20707747239431534,0.7350776631438143,30,Formal volunteer flag,Volunteer rate,AT,NA,*
Immigration status,Unknown,2018,fv1fvol,0.5746376191862389,5.837439376611423,0.508892346889053,0.6403828914834248,377,Formal volunteer flag,Volunteer rate,AT,NA,NA
Immigration status,Native-born,2018,fv1fvol,0.467811603666052,3.9128606738703007,0.43193482303783326,0.5036883842942708,1417,Formal volunteer flag,Volunteer rate,BC,NA,NA
Immigration status,Naturalized,2018,fv1fvol,0.37353479325851136,7.650670319480746,0.3175231080061897,0.429546478510833,548,Formal volunteer flag,Volunteer rate,BC,NA,NA
Immigration status,Non-Canadian,2018,fv1fvol,0.3864414676991507,20.04882896734565,0.23458935978945195,0.5382935756088495,68,Formal volunteer flag,Volunteer rate,BC,NA,*
Immigration status,Unknown,2018,fv1fvol,0.5121196795206311,12.393695228488756,0.38771968296335996,0.6365196760779022,144,Formal volunteer flag,Volunteer rate,BC,NA,NA
Immigration status,Native-born,2018,fv1fvol,0.43882723453398803,2.959896761680881,0.41336958944826974,0.4642848796197063,2802,Formal volunteer flag,Volunteer rate,ON,NA,NA
Immigration status,Naturalized,2018,fv1fvol,0.3314964102551072,5.405284863867572,0.29637713802777793,0.3666156824824364,1147,Formal volunteer flag,Volunteer rate,ON,NA,NA
Immigration status,Non-Canadian,2018,fv1fvol,0.43366951983990787,14.29374705276798,0.31217600889939984,0.5551630307804158,120,Formal volunteer flag,Volunteer rate,ON,NA,NA
Immigration status,Unknown,2018,fv1fvol,0.5790171596841639,7.1010269929609,0.49843095748777644,0.6596033618805514,277,Formal volunteer flag,Volunteer rate,ON,NA,NA
Immigration status,Native-born,2018,fv1fvol,0.5184787189059273,2.9805960115446553,0.4881899136878791,0.5487675241239756,1687,Formal volunteer flag,Volunteer rate,PR,NA,NA
Immigration status,Naturalized,2018,fv1fvol,0.4944070631844191,8.206184973779273,0.41488748647059936,0.5739266398982389,227,Formal volunteer flag,Volunteer rate,PR,NA,NA
Immigration status,Non-Canadian,2018,fv1fvol,0.43035020228828524,30.040350718003978,0.17696858655773084,0.6837318180188396,33,Formal volunteer flag,Volunteer rate,PR,NA,*
Immigration status,Unknown,2018,fv1fvol,0.549890669190825,8.568957514984804,0.4575373665048359,0.642243971876814,206,Formal volunteer flag,Volunteer rate,PR,NA,NA
Immigration status,Native-born,2018,fv1fvol,0.3324551784431226,4.403043232037259,0.3037649409840213,0.36114541590222393,1621,Formal volunteer flag,Volunteer rate,QC,NA,NA
Immigration status,Naturalized,2018,fv1fvol,0.27134890113344634,13.477510106555812,0.19967091013194868,0.343026892134944,212,Formal volunteer flag,Volunteer rate,QC,NA,NA
Immigration status,Non-Canadian,2018,fv1fvol,0.33282962961169565,29.986126295905148,0.13721990640462084,0.5284393528187705,45,Formal volunteer flag,Volunteer rate,QC,NA,*
Immigration status,Unknown,2018,fv1fvol,0.3390284473143408,15.55593961097543,0.2356617881004997,0.44239510652818187,135,Formal volunteer flag,Volunteer rate,QC,NA,NA
Marital status,Married/common-law,2018,fv1fvol,0.41611346125326154,1.7854599960648205,0.40155183162926117,0.4306750908772619,9570,Formal volunteer flag,Volunteer rate,CA,NA,
Marital status,Widowed,2018,fv1fvol,0.2995435488192611,5.495061600122008,0.2672823406848769,0.3318047569536453,1421,Formal volunteer flag,Volunteer rate,CA,NA,
Marital status,Separated/divorced,2018,fv1fvol,0.38976487603657295,3.801312636795344,0.36072569393449067,0.41880405813865523,1897,Formal volunteer flag,Volunteer rate,CA,NA,
Marital status,"Single, never married",2018,fv1fvol,0.4240621035395047,3.1975816367983176,0.3974855172747439,0.45063868980426547,3261,Formal volunteer flag,Volunteer rate,CA,NA,
Marital status,Married/common-law,2018,fv1fvol,0.44803162225191046,1.7687343629278924,0.4324999087073124,0.4635633357965085,8414,Formal volunteer flag,Volunteer rate,CA (without QC),NA,
Marital status,Widowed,2018,fv1fvol,0.3366207786971737,5.681428734802824,0.2991367229776427,0.3741048344167047,1257,Formal volunteer flag,Volunteer rate,CA (without QC),NA,
Marital status,Separated/divorced,2018,fv1fvol,0.4051942902086746,4.187997082010083,0.37193463227511925,0.43845394814222993,1643,Formal volunteer flag,Volunteer rate,CA (without QC),NA,
Marital status,"Single, never married",2018,fv1fvol,0.4363904608552229,3.481084402643312,0.4066164122461957,0.46616450946425003,2822,Formal volunteer flag,Volunteer rate,CA (without QC),NA,
Marital status,Married/common-law,2018,fv1fvol,0.46379813641180245,4.369161423445995,0.4240812512851163,0.5035150215384886,881,Formal volunteer flag,Volunteer rate,AB,NA,
Marital status,Widowed,2018,fv1fvol,0.5241500630777698,14.116000872959372,0.3791342339664623,0.6691658921890773,81,Formal volunteer flag,Volunteer rate,AB,NA,
Marital status,Separated/divorced,2018,fv1fvol,0.4730718837892647,10.921770425769584,0.3718048074409491,0.5743389601375802,173,Formal volunteer flag,Volunteer rate,AB,NA,
Marital status,"Single, never married",2018,fv1fvol,0.43067384975938333,10.459948490778617,0.3423808770110434,0.5189668225077233,277,Formal volunteer flag,Volunteer rate,AB,NA,
Marital status,Married/common-law,2018,fv1fvol,0.4734968659727568,2.571261267305021,0.4496346150826189,0.4973591168628947,2441,Formal volunteer flag,Volunteer rate,AT,NA,
Marital status,Widowed,2018,fv1fvol,0.3115589067314636,9.427991505425334,0.2539874200088462,0.36913039345408094,410,Formal volunteer flag,Volunteer rate,AT,NA,
Marital status,Separated/divorced,2018,fv1fvol,0.36993257663612655,7.7033746575987045,0.3140789099559911,0.425786243316262,449,Formal volunteer flag,Volunteer rate,AT,NA,
Marital status,"Single, never married",2018,fv1fvol,0.4217678266687566,6.7104501756062085,0.36629590706095283,0.4772397462765604,748,Formal volunteer flag,Volunteer rate,AT,NA,
Marital status,Married/common-law,2018,fv1fvol,0.4703036008368199,3.964070145315642,0.43376366959806,0.5068435320755798,1275,Formal volunteer flag,Volunteer rate,BC,NA,
Marital status,Widowed,2018,fv1fvol,0.31318654258458273,13.45610497558881,0.23058834889205132,0.39578473627711414,189,Formal volunteer flag,Volunteer rate,BC,NA,
Marital status,Separated/divorced,2018,fv1fvol,0.39592100913141676,9.521039196545976,0.3220386096079379,0.4698034086548956,265,Formal volunteer flag,Volunteer rate,BC,NA,
Marital status,"Single, never married",2018,fv1fvol,0.40280057104015077,8.28277247550831,0.33741018516048,0.46819095691982154,448,Formal volunteer flag,Volunteer rate,BC,NA,
Marital status,Married/common-law,2018,fv1fvol,0.41816886239787915,2.8534680681395046,0.3947819548252163,0.441555769970542,2586,Formal volunteer flag,Volunteer rate,ON,NA,
Marital status,Widowed,2018,fv1fvol,0.30953410646700463,8.485464500511055,0.2580548552540941,0.36101335767991516,362,Formal volunteer flag,Volunteer rate,ON,NA,
Marital status,Separated/divorced,2018,fv1fvol,0.3943791118658459,6.6505420048810855,0.342972493445375,0.4457857302863168,510,Formal volunteer flag,Volunteer rate,ON,NA,
Marital status,"Single, never married",2018,fv1fvol,0.4305572179667354,5.511336764379352,0.38404833443292874,0.4770661015005421,888,Formal volunteer flag,Volunteer rate,ON,NA,
Marital status,Married/common-law,2018,fv1fvol,0.5211181373987004,3.183530598442572,0.4886024223916547,0.553633852405746,1231,Formal volunteer flag,Volunteer rate,PR,NA,
Marital status,Widowed,2018,fv1fvol,0.3530848077576281,10.005437203171518,0.2838438298205343,0.42232578569472196,215,Formal volunteer flag,Volunteer rate,PR,NA,
Marital status,Separated/divorced,2018,fv1fvol,0.4170077343808454,10.62720062217339,0.3301494833073603,0.5038659854543305,246,Formal volunteer flag,Volunteer rate,PR,NA,
Marital status,"Single, never married",2018,fv1fvol,0.5594166473463579,5.684101451461905,0.4970940854068957,0.62173920928582,461,Formal volunteer flag,Volunteer rate,PR,NA,
Marital status,Married/common-law,2018,fv1fvol,0.310256266920284,5.042248651641312,0.2795948011688409,0.34091773267172715,1156,Formal volunteer flag,Volunteer rate,QC,NA,
Marital status,Widowed,2018,fv1fvol,0.19873558459523327,16.440516802476992,0.13469737326537173,0.2627737959250948,164,Formal volunteer flag,Volunteer rate,QC,NA,
Marital status,Separated/divorced,2018,fv1fvol,0.3394729253825815,10.10413444066339,0.2722445912318922,0.4067012595332708,254,Formal volunteer flag,Volunteer rate,QC,NA,
Marital status,"Single, never married",2018,fv1fvol,0.3791232630885009,8.446866126036056,0.31635730885677177,0.44188921732023007,439,Formal volunteer flag,Volunteer rate,QC,NA,
Marital status,Married/common-law,2018,fv1fvol,0.4882790763682323,4.465193941125645,0.44554675044097186,0.5310114022954927,689,Formal volunteer flag,Volunteer rate,10,NL,
Marital status,Widowed,2018,fv1fvol,0.3176434372186325,20.33155451517303,0.19106533990374175,0.4442215345335232,93,Formal volunteer flag,Volunteer rate,10,NL,*
Marital status,Separated/divorced,2018,fv1fvol,0.20893858703404947,21.959685729292534,0.1190110156280344,0.29886615844006453,99,Formal volunteer flag,Volunteer rate,10,NL,*
Marital status,"Single, never married",2018,fv1fvol,0.4916571423554155,10.198776936822364,0.39337863840331594,0.5899356463075152,218,Formal volunteer flag,Volunteer rate,10,NL,
Marital status,Married/common-law,2018,fv1fvol,0.5251445945206242,5.574475745459986,0.4677684950610025,0.582520693980246,426,Formal volunteer flag,Volunteer rate,11,PE,
Marital status,Widowed,2018,fv1fvol,0.2479522797581792,21.999763735340423,0.14103836954501667,0.3548661899713418,79,Formal volunteer flag,Volunteer rate,11,PE,*
Marital status,Separated/divorced,2018,fv1fvol,0.409772583982123,16.890349853510518,0.2741195115297991,0.545425656434447,85,Formal volunteer flag,Volunteer rate,11,PE,*
Marital status,"Single, never married",2018,fv1fvol,0.4507620850327407,11.829612546052063,0.34625012549860884,0.5552740445668725,150,Formal volunteer flag,Volunteer rate,11,PE,
Marital status,Married/common-law,2018,fv1fvol,0.4754714716904827,4.784930792554507,0.4308803685944118,0.5200625747865536,655,Formal volunteer flag,Volunteer rate,12,NS,
Marital status,Widowed,2018,fv1fvol,0.3277455342780493,16.87014829775744,0.2193768565774345,0.4361142119786641,111,Formal volunteer flag,Volunteer rate,12,NS,*
Marital status,Separated/divorced,2018,fv1fvol,0.4694280697038438,10.94788245854399,0.3687007513607329,0.5701553880469548,143,Formal volunteer flag,Volunteer rate,12,NS,
Marital status,"Single, never married",2018,fv1fvol,0.3979006781224542,12.832105872368786,0.29782680592137895,0.4979745503235295,194,Formal volunteer flag,Volunteer rate,12,NS,
Marital status,Married/common-law,2018,fv1fvol,0.45137722444431905,5.025587767026672,0.406916698625283,0.4958377502633551,671,Formal volunteer flag,Volunteer rate,13,NB,
Marital status,Widowed,2018,fv1fvol,0.30053285829034193,15.223306630669159,0.2108624704898699,0.39020324609081397,127,Formal volunteer flag,Volunteer rate,13,NB,
Marital status,Separated/divorced,2018,fv1fvol,0.3361753463643476,14.692302651395247,0.23936900255495613,0.43298169017373905,122,Formal volunteer flag,Volunteer rate,13,NB,
Marital status,"Single, never married",2018,fv1fvol,0.3966428267194766,12.342275900841269,0.3006932758987444,0.4925923775402088,186,Formal volunteer flag,Volunteer rate,13,NB,
Marital status,Married/common-law,2018,fv1fvol,0.310256266920284,5.042248651641312,0.2795948011688409,0.34091773267172715,1156,Formal volunteer flag,Volunteer rate,24,QC,
Marital status,Widowed,2018,fv1fvol,0.19873558459523327,16.440516802476992,0.13469737326537173,0.2627737959250948,164,Formal volunteer flag,Volunteer rate,24,QC,
Marital status,Separated/divorced,2018,fv1fvol,0.3394729253825815,10.10413444066339,0.2722445912318922,0.4067012595332708,254,Formal volunteer flag,Volunteer rate,24,QC,
Marital status,"Single, never married",2018,fv1fvol,0.3791232630885009,8.446866126036056,0.31635730885677177,0.44188921732023007,439,Formal volunteer flag,Volunteer rate,24,QC,
Marital status,Married/common-law,2018,fv1fvol,0.41816886239787915,2.8534680681395046,0.3947819548252163,0.441555769970542,2586,Formal volunteer flag,Volunteer rate,35,ON,
Marital status,Widowed,2018,fv1fvol,0.30953410646700463,8.485464500511055,0.2580548552540941,0.36101335767991516,362,Formal volunteer flag,Volunteer rate,35,ON,
Marital status,Separated/divorced,2018,fv1fvol,0.3943791118658459,6.6505420048810855,0.342972493445375,0.4457857302863168,510,Formal volunteer flag,Volunteer rate,35,ON,
Marital status,"Single, never married",2018,fv1fvol,0.4305572179667354,5.511336764379352,0.38404833443292874,0.4770661015005421,888,Formal volunteer flag,Volunteer rate,35,ON,
Marital status,Married/common-law,2018,fv1fvol,0.4845188522557237,4.788222432120188,0.43904800068038813,0.5299897038310594,645,Formal volunteer flag,Volunteer rate,46,MB,
Marital status,Widowed,2018,fv1fvol,0.376257108816174,13.0637935518948,0.2799181133370095,0.47259610429533855,109,Formal volunteer flag,Volunteer rate,46,MB,
Marital status,Separated/divorced,2018,fv1fvol,0.40378024962990505,15.997276073385134,0.2771786471311327,0.5303818521286774,136,Formal volunteer flag,Volunteer rate,46,MB,
Marital status,"Single, never married",2018,fv1fvol,0.5470154413009188,7.857320529666483,0.46277470639586127,0.6312561762059764,260,Formal volunteer flag,Volunteer rate,46,MB,
Marital status,Married/common-law,2018,fv1fvol,0.5604543301181433,4.123899463418467,0.5151545192276971,0.6057541410085895,586,Formal volunteer flag,Volunteer rate,47,SK,
Marital status,Widowed,2018,fv1fvol,0.3275660387889628,16.27215895811704,0.22309590809929197,0.4320361694786336,106,Formal volunteer flag,Volunteer rate,47,SK,
Marital status,Separated/divorced,2018,fv1fvol,0.4379553180749519,13.75216579181176,0.3199099380123517,0.5560006981375522,110,Formal volunteer flag,Volunteer rate,47,SK,
Marital status,"Single, never married",2018,fv1fvol,0.5752408794036002,7.913969033085929,0.48601472426442893,0.6644670345427716,201,Formal volunteer flag,Volunteer rate,47,SK,
Marital status,Married/common-law,2018,fv1fvol,0.46379813641180245,4.369161423445995,0.4240812512851163,0.5035150215384886,881,Formal volunteer flag,Volunteer rate,48,AB,
Marital status,Widowed,2018,fv1fvol,0.5241500630777698,14.116000872959372,0.3791342339664623,0.6691658921890773,81,Formal volunteer flag,Volunteer rate,48,AB,
Marital status,Separated/divorced,2018,fv1fvol,0.4730718837892647,10.921770425769584,0.3718048074409491,0.5743389601375802,173,Formal volunteer flag,Volunteer rate,48,AB,
Marital status,"Single, never married",2018,fv1fvol,0.43067384975938333,10.459948490778617,0.3423808770110434,0.5189668225077233,277,Formal volunteer flag,Volunteer rate,48,AB,
Marital status,Married/common-law,2018,fv1fvol,0.4703036008368199,3.964070145315642,0.43376366959806,0.5068435320755798,1275,Formal volunteer flag,Volunteer rate,59,BC,
Marital status,Widowed,2018,fv1fvol,0.31318654258458273,13.45610497558881,0.23058834889205132,0.39578473627711414,189,Formal volunteer flag,Volunteer rate,59,BC,
Marital status,Separated/divorced,2018,fv1fvol,0.39592100913141676,9.521039196545976,0.3220386096079379,0.4698034086548956,265,Formal volunteer flag,Volunteer rate,59,BC,
Marital status,"Single, never married",2018,fv1fvol,0.40280057104015077,8.28277247550831,0.33741018516048,0.46819095691982154,448,Formal volunteer flag,Volunteer rate,59,BC,
